username,track_name,timestamp
sogo123,Freefall,2026-02-05 05:34:06.267337
sogo123,I Walk the Line,2026-02-05 05:34:16.281421
sogo123,Heartbreak,2026-02-05 05:34:28.565170
sogo123,Heartbreak,2026-02-05 05:34:30.320307
sogo123,Can't Help Falling In Love,2026-02-05 05:35:10.808423
mastap123,Drifting away,2026-02-05 05:42:23.535349
mastap123,Love My Baby,2026-02-05 05:44:01.948575
mastap123,My Hometown,2026-02-05 05:44:16.641546
mastap123,100% of Disin' You - Mike Dunn's Houze Mixx,2026-02-05 05:44:18.904194
nasa123,Outrunning Karma,2026-02-05 05:57:26.989605
nasa123,Mary,2026-02-05 05:57:43.903782
nasa123,And I Love Her,2026-02-05 05:58:13.102977
nasa123,The Woman I Love,2026-02-05 05:58:15.535650
nasa123,I Love...,2026-02-05 05:58:17.022840
nasa123,And I Love Her - Remastered 2009,2026-02-05 05:58:18.278519
nasa123,Heaven Knows,2026-02-05 05:58:32.241412
mama123,Children Song,2026-02-05 06:07:01.506916
mama123,Warwick Avenue,2026-02-05 06:07:13.069151
mama123,Can't Help Falling In Love,2026-02-05 06:07:29.304953
mama123,Bad Boy,2026-02-05 06:07:45.533831
mama123,Ophelia - Live,2026-02-05 06:08:13.788743
mama123,Heartbreak,2026-02-05 06:08:30.716175
aku123,"Shaamat (Ankit Tiwari Version) [From ""Ek Villain Returns""]",2026-02-05 06:16:40.914380
aku123,Love Song,2026-02-05 06:17:04.641469
aku123,East of Eden,2026-02-05 06:17:22.171433
aku123,DDU-DU DDU-DU (Remix),2026-02-05 06:17:32.099063
aku123,The Woman I Love,2026-02-05 06:18:08.889014
aku123,Go Go Go,2026-02-05 06:18:34.742079
aku123,眼淚的堅強 (ViuTV原創劇《熟女強人》主題曲),2026-02-05 06:19:05.114838
aku123,Lovisa,2026-02-05 06:19:10.585836
dompet123,Main Hoon Hero Tera (Salman Khan Version),2026-02-05 06:38:39.914475
dompet123,Love Desire,2026-02-05 06:38:49.529314
dompet123,Fixi,2026-02-05 06:39:05.208833
dompet123,Psycho Kanmani,2026-02-05 06:39:17.705242
dompet123,Where Are You Now,2026-02-05 06:39:51.539558
dompet123,Need You Now,2026-02-05 06:40:06.507830
dompet123,Need You Now,2026-02-05 06:40:31.726427
dompet123,Touch Me - Extended Mix,2026-02-05 06:40:39.833622
dompet123,You Made Me Like This,2026-02-05 06:40:44.968117
dompet123,Goodbye Lulu,2026-02-05 06:41:07.788603
dompet123,Goodbye Lulu Pt.2,2026-02-05 06:41:15.221134
